video,crime_type,flagged,text,verdict,notes
Burglary080_x264,Burglary,1,"A gray-white jeep suddenly rushed over and knocked down a cash machine on the roadside. Two men in black jumped out of the car and rushed to the cash machine. Then another person jumped down from the driver’s seat to help. Someone had a rope in his hand, and someone went to the car and took out tools. The three of them were busy at the machine, but without success. The three of them suddenly turned around and ran away.",,
Shooting048_x264,Shooting,0,"A man in white clothes and a woman in yellow clothes are standing in front of the counter, and the man in blue clothes is standing. A man in a blue hood broke in with a gun and shot at the man in white clothes. The man in the blue hood slowly ran to the door and then fell down. The man in white clothes walked over with a gun. The man in blue clothes and the man in white clothes stood up and looked outside the door.",,
Burglary089_x264,Burglary,0,"A man in white with a black ponytail, carrying a backpack, got into the room from behind the curtain, opened the floor-to-ceiling curtain, and revealed the broken glass window behind. The man came to a desk and closed an open laptop The man walked to a desk inside again Man unplugs a computer monitor wire The man moved the monitor to the table. The man pulled off a host wire with force. The man put the host on the swivel chair in front of the door, and then began to put away the wires and so on. The machine fell to the ground, and the man bent down to pick it up and hold it in his arms. Anothe",,
Explosion004_x264,Explosion,0,"Two people wearing firefighting gear stood outside the door.  Flames erupted from the door. The two people outside the door ran away. A man came over, picked up the water gun on the ground and sprayed water into the door. A man came over and grabbed and pulled the water pipe. The smoke gradually becomes more and more. The person behind took the water gun, and the person in front picked up something from the ground.",,
Stealing098_x264,Stealing,1,"A person riding a bicycle passing by on the road A man pushed a bicycle and leaned it against the roadside. Then he entered the yard and bent down to check the motorcycle. The man left the yard, wandered to the road, and then arranged his clothes and hat The man covered his face with his hands and walked to the motorcycle, then walked deeper into the yard",,
RoadAccidents128_x264,RoadAccidents,0,A white car parked on the road A group of people were hit by a white car while walking on the road Pedestrians ran to the side White car drives away,,
Explosion025_x264,Explosion,0,"An explosion occurred in the distance, and a large amount of thick smoke floated away after a burst of fire.",,
Shooting010_x264,Shooting,0,The man entered the car door A man also came to the car Man fighting with people in car Two people beat each other with guns The man outside the car fell down The man in the car raised his gun to see,,
Shoplifting020_x264,Shoplifting,0,"The picture shows a shop. The boss is a long-haired woman wearing a pink T-shirt and a white skirt. There are two customers in the shop who are buying things. A customer wearing an orange top walked into the store to buy something, so the number of customers in the store became three. The female boss seemed to be writing the bill. A male customer wearing a green shirt stood up after choosing something. Another female customer in pink clothes behind the male customer in green shirt bent down to choose something. Two customers came in, and one of them patted the female customer in pink on the sh",,
Stealing016_x264,Stealing,1,"A man wearing gray clothes, blue pants and a hat walked from a red vehicle parked on the road to the door of the house The man in gray holding many cardboard boxes walked from the grass next to the path in front of the house to the red car parked on the street. The man in gray walked around from the back of the red car to the other side, opened the door and sat in The red car drove away",,
Stealing059_x264,Stealing,1,"A white car drove past a man in brown clothes in an underground parking lot leaning on a car A woman in blue opened the car door to check and then walked to the back of the car to communicate with the man in brown. While the two were talking, a man in a blue shirt and a peaked cap came to the lower right corner and opened the cab door and started rummaging around. The man in the peaked cap collected the things and left",,
Explosion024_x264,Explosion,1,Three people passed by. A large amount of white light came from the distance. The two people ran away.,,
Burglary100_x264,Burglary,0,"Someone appeared at the door and entered the room quietly, This person is active inside the door near the door. The man quietly and slowly walked into the room again, The man groped back and forth on the furniture table placed against the wall. The man occasionally takes items and puts them into his pants pockets. The man opened the door of the cabinet below again and rummaged inside. The man got up and walked towards the door. The man returned quickly. The man picked up an object similar to a cash register from the table and placed it on the ground. The man searched for and seemingly got the ",,
Robbery149_x264,Robbery,1,"The man leaned into the counter to take out something, and the old man at the counter pushed him out. The two of them hit each other. The man was kneeling on the counter and was pushed down by the old man. The old man walked out of the counter.",,
Stealing071_x264,Stealing,1,A man ran to a jeep and opened the door and rummaged through the car. The person standing next to the car door closed the door and opened it again to continue looking at the contents of the car. The car standing next to the car door opened the door and got in.,,
RoadAccidents078_x264,RoadAccidents,1,"A red bus parked in an open space After the bus driver got off the bus, another person got on the bus The red bus drove away and reversed The red bus hit a red bus behind it while reversing, and the driver got off The bus driver gets off The driver of the red bus got on and drove away The red bus reverses and parks in the open space A red bus enters the open space The red bus reversed and a person got off the bus. Red bus parking  After the red bus reversed slowly, the driver got off the bus The red bus drives forward slowly A man walked past the bus and patted the red bus again The man first ",,
Burglary001_x264,Burglary,0,"A truck backed up quickly, broke through the door, and then drove forward. The truck is moving forward again. Two men got off the car and broke into the door, and one person entered the room. Another person ran in Another person pushed down an iron frame and it fell to the ground. The man ran outside. One of the people pushed an iron box towards the door The man got in and drove the car forward. Another person came out of the room holding a box and ran to the car. The two men pushed the box that fell on the ground out again The two of them worked together to transport it to the car. The two pe",,
Stealing024_x264,Stealing,0,"There are seven tables of people eating in a row. Then left along the corridor. Another group of people came from across the corridor When a person passed by the back corridor, he picked up the black bag of the person at the second table and placed it on the chair of the person wearing a white shirt at the second table. A man in blue clothes was hiding in the crowd and reached out and took away the black bag behind the seat of the man in the white shirt at the second table.  People at seven tables were eating, and a woman in a white shirt passed by the corridor behind",,
Fighting043_x264,Fighting,0,"Two men came over and opened the car door A man hits the driver The man continued to beat the driver, attracting people to watch A woman and a man came from the left, pulled several people away, and closed the door. The man in white punched the window a few more times The white truck drove away, followed by a brown car parked The people inside the house came out and smashed the brown car and then returned Brown car drives away A person holding a brick tried to hit the man in blue, but was blocked by the woman in pink top. The man in blue walked back to provoke, but was dissuaded by the woman i",,
Burglary037_x264,Burglary,1,"An African-American man wearing a white coat entered the room and jumped behind the bar. Another African-American man wearing a white shirt entered the room, stood in front of the bar and urged the man inside. The man inside took out five bottles of wine and handed them to the man outside. The man took the wine and left the room. The man inside grabbed the cash register and walked out.  After walking a few steps, I was pulled by the connected line. The man put down the cash register The man pulled the thread hard The man changed the direction of the machine and continued to pull the thread at ",,
Shoplifting050_x264,Shoplifting,1," Six people gathered around a glass counter and looked at their mobile phones. Inside the counter, a man took the mobile phone from the man in a black and white shirt, then turned around and said a few words to the man behind him, Then he went out with his mobile phone, and the man behind him went in The man inside the counter is talking to the person opposite, and the man in a red shirt is talking on the phone The man inside the counter put the mobile phone on the glass table back into the counter, and a man and a woman left the glass counter The man in red shirt held up his mobile phone and ",,
Stealing006_x264,Stealing,1,"There are many cars and motorcycles traveling in opposite directions on the road A motorcycle carrying two people stopped behind a white car. The person on the back seat of the motorcycle got off the motorcycle and stood aside. The man in brown clothes walked to the parked motorcycle The man in pink rode a motorcycle and backed up to the man in brown. The man in pink rode forward for a distance, and looked left and right with the man in brown. The man in brown clothes squatted down and looked left and right, the man in pink clothes moved on a motorcycle The man in pink and the man in brown loo",,
Burglary016_x264,Burglary,1,"A red car slowly poured into a field filled with more than a dozen green cars. Two men got out of the car and stopped at the edge of the field. One person squatted down and got in from a certain entrance; The other man turned around and opened the trunk The man who disappeared just now delivered two red racks to the outside, and the men outside sent them into the car respectively. The man who disappeared just now delivered two red shelves and a black bag, and the man outside delivered them into the car. The man who just got out and disappeared delivered two black racks outside, and the man out",,
Burglary047_x264,Burglary,0,"A man punched the glass door of his office and finally opened it. Two men broke into the office. One was wearing a horizontal striped T-shirt and a white hat, and the other was wearing a light-colored hooded jacket, jeans, and glasses. The two came to the desk to look for items. The man in white took off his backpack and handed it to another person. The two took some items in the house. The two of them put some items in the backpack on their shoulders. The man in the white hooded coat held some items directly in his hands. The two of them wandered around the house for several times. The two lo",,
Explosion036_x264,Explosion,0,"In an open space, there are several children playing An explosion occurred at the manhole cover next to the wall, and white smoke filled the entire site.  Several adults and children walked to the manhole cover that was blown open  Several people pulled a child out of the well. He was wearing a yellow shirt and black pants. Many people gathered in this open space A yellow electric car came and parked next to it The yellow electric car turned around and left Three people walked to the wellhead",,
Fighting002_x264,Fighting,1,"Several men talking at the bar A woman with a high ponytail and short-sleeved trousers raised her arms at the bar to give instructions to the man. Man throwing chair at woman The woman turned around and faced the men opposite, raised her hands and said something before leaving the bar. A man threw two cups  Several stools smashed the tabletop. The man walked up and continued to smash  Several cups were thrown into the counter The man threw several stools and smashed the tabletop.",,
Shoplifting015_x264,Shoplifting,0,"Three men are talking, one with his arms crossed, one leaning to the side, and one standing in front of the two people; The man leaning on one side hugged the man in front of him, and then the two walked forward, leaving one man standing there The man in white short-sleeves stands in place The man in white short sleeves walked to the table with his arms folded, looked at it, and then looked at the people at the end on the right The man in white short sleeves turned and left The man in white short sleeves came back and put the things on the table into his pants pocket, and then left",,
Shoplifting054_x264,Shoplifting,0,"A man in a coat is lying on the mobile phone cabinet looking at his mobile phone The man picked up the two mobile phones on the table, put the small mobile phone into his pocket, then put down the big mobile phone and left",,
Robbery075_x264,Robbery,0,"Two robbers entered the house. One person threatened a store clerk with a gun and squatted down, and the other person broke the door and entered the hut. The two men looted the items in the house. The man in the house threatened the clerk, while the other man continued to search. The man in the house observed the situation. The man in the hut took the bag containing money and left with another robber. The clerk stood up and called the police",,
Burglary036_x264,Burglary,1,"A man with a gray woolen hat walked into the bar, The man took out cash from the cash register with the small drawer below open and put it into his pocket. The man continued to rummage in the cabinet at the bottom left of the cash register. The man squatted down at the bottom left of the cash register again The man squatted down and continued to search The man returned to the cash register and opened the compartment to rummage. The man stood up The man left quickly.",,
Robbery017_x264,Robbery,0,"There is a man and a woman at the counter. The man is wearing a blue shirt and the woman is wearing a black coat. A man wearing a hat came in from the door and stood next to the cashier, communicating with the man in a blue shirt. The man in the hat looks around. The man in a blue shirt was operating next to the cashier, then squatted on the machine next to him and touched it. The man in the hat left the cashier. The man in the hat suddenly broke into the counter and forced the man in the blue shirt into the corner with a knife. The man in the hat forced the man in the blue shirt into the corn",,
Shooting033_x264,Shooting,1,"A white off-road vehicle reversed, and a black car drove behind the white off-road vehicle. A black car drove past quickly and then drove away. A man stood at the door, a woman got out of the car, and two men riding models rode over quickly. A man got off the motorcycle and grabbed the woman's things, then dragged the woman down and ran away. The man looked at the woman and then ran out. The woman was lying on the ground. A white car drove across the road and drove away. A woman in white clothes is running next to the woman, and a man in white clothes is standing next to the woman A man in whi",,
Robbery029_x264,Robbery,0," Four men got out of a white van, three of them were carrying two white bags in their hands. The white van drove away. A black car drove up and several men in black got out. After the white van drove away, a black car drove up and several men in black got out. Several men in black pushed the men who were originally carrying bags to the ground.  Several men in black snatched their bags, put them in a black car, and then got in the car and fled. After the black car drove away, four men got up and wandered on the road. Four men suddenly ran into the next door. A man ran out of the gate again",,
Shooting019_x264,Shooting,1,Someone is walking in the distance in the dark night A man in black walked from the intersection to the distance A white car drove past in the distance A white car drove up in the distance A little black man is walking in the distance A small black car is approaching in the distance A white car is turning in the distance A white car is coming from the road,,
Shoplifting053_x264,Shoplifting,1,"A woman is holding a box of jewelry in her hands in the house The woman turned around and walked to the middle of the counter with the jewelry box in hand. The woman walked to the left along the counter, then turned around and returned to the middle. The woman counted the things in her hands and then walked to the right",,
Robbery103_x264,Robbery,1,"A man in black opened the door and entered the supermarket A man had a conflict with an old man behind the checkout counter The two fought for something, and the man jumped out of the checkout counter and escaped out the door. The old man pulled his shirt back after returning to the checkout counter.",,
RoadAccidents068_x264,RoadAccidents,0,"People walking on the road A child was knocked down and crushed by a white car. People walked over and picked up the child. After a blue battery car arrived, people came to the child People put children in cars",,
Burglary038_x264,Burglary,0,A man in white climbed into the room from the small kitchen window. Another man in black climbed into the room through the small kitchen window. The man in white looked at the table in the middle A man in a white T-shirt flipped through the white shopping bag on the chair in front of the small table. The man in black closed the window Then the man in white left the room and walked towards other rooms. Then the man in black left the room and walked towards other rooms.,,
Robbery039_x264,Robbery,1,A masked man entered and took a white item from the counter The masked man took what the teller handed over The masked man opened the door and left,,
Burglary011_x264,Burglary,0,"A car reversed and hit the house The car reversed and hit the wall behind The two men then broke into the room, The two walked near the car and took a look The car moved and turned 45 degrees The two left the room immediately. 3 people ran into the room and came to the back of the car. Three people were in the back of the car, loading things into the car. The car drove out of the room",,
Vandalism024_x264,Vandalism,1,"A white car passed by A bald man wearing a green jacket, black bottoms and blue jeans was walking along the road. When passing a black car parked on the roadside, he used something in his hand to paddle from the rear of the black car to the front. The bald man continued to walk forward. When he reached the black car with a silver ladder on the roof rack, he also used the thing in his hand to row from the rear to the front of the car.",,
Burglary082_x264,Burglary,1,"A man in black appeared near the house on the opposite side of the road, walking around from the side of the house to the front of the house. The man was looking inward at the wall. The man later ran into a black car parked on the side of the road. A man wearing a white T-shirt, black shorts and a baseball cap got out of the car. Run to the side of the house and stay. I saw a man in black and a man in a white T-shirt walking towards the side of the house near the car.",,
Vandalism028_x264,Vandalism,1,"A man in clothes and hat walked to the front of a black vehicle parked on the roadside The man in clothes and hat poured the liquid in his hand on the hood of the black car, and then walked towards the rear of the car while pouring it The man in clothes and hat poured the liquid onto the roof of the black car, then walked forward and poured the liquid onto the hood again The man in clothes and hat walked around to the front of the black car while pouring the liquid in his hand, poured a large amount of liquid on the hood of the black car, then put away the bottle and screwed on the lid People ",,
Burglary076_x264,Burglary,0,"A white car drove to the house and stopped. A yellow-haired white man got out of the car, The man came straight to the door. The man opened the outer door. The man kept twisting and prying the inner door The man finally pried open the door and entered the house. The man came out of the house, carrying a bag full of things. Run over and put it in the car, then return to the house again. The man came out again, holding a large roll of things in his left hand and a TV set in his right hand, and put them in the car. The man returned to the house again. The man ran out of the room with a large bag ",,
Vandalism029_x264,Vandalism,1,"A man wearing yellow clothes, black pants, black shoes, and carrying a black bag on his chest is pasting the flyer in his hand on the building on the roadside, while sticking it toward the green door. Go A man wearing yellow clothes, black pants, black shoes, and carrying a black bag on his chest is pasting the flyer in his hand on the building on the roadside, and throwing the waste paper of the flyer on the ground , leave from the right",,
Stealing051_x264,Stealing,1,"A white car drove up the road and stopped next to the black car  Two men got out of the car and walked towards the black vehicle parked on the roadside and started to open the door. The man successfully opened the car door and triggered the vehicle's alarm The white car drove forward for a short distance, and the man in the car opened the trunk. Two men moved the contents of the trunk of the black car into the white car Two men drove away in a white car",,
Explosion051_x264,Explosion,0,"A large white truck parked on the roadside The rear of the white truck caught fire, and then the vehicle exploded and a huge red flame ignited on the vehicle Black oil leaks from under the vehicle The flame spread along the black oil on the ground, then the flame became larger, and black smoke rose above the flame",,
Shoplifting017_x264,Shoplifting,1,"The man in a gray suit said something to the boss, and the boss stood up and walked away The man in the gray suit put the bag on the table, then reached for something on the counter; The woman behind the man in gray suit walked out",,
Shoplifting021_x264,Shoplifting,0,"In a store, a male boss took an earring from a box and showed it to a woman The man puts on the earrings for the woman  The woman was satisfied and exposed the ear with the earring for the man to see. The woman then looked at the mirror aside, The woman looked in the mirror. The man placed an item on the counter on the high cabinet next to her, and then moved the mouse next to her. The man placed another item on the table next to the woman. The woman came back from the mirror and watched the man's actions. The woman looked at the mirror next to her, and the man then looked at the mirror. The w",,
Shoplifting014_x264,Shoplifting,0,"A male salesperson in the store touched the clothes on the right. Two women walked into the store. The woman in the red skirt picked up a pair of pants and inspected them carefully. The woman in the black and white skirt also came over to observe the clothes. The woman in the black and white skirt also picked up a pair of pants and looked at them, and the woman in the red skirt put down her skirt. The woman in the red skirt asked the salesperson about her pants. The two had a conversation. The salesperson began to arrange the pants, and the woman in the red skirt picked up another pair of pant",,
